box_no,no_races,no_wins,total_payout,avg_num_races_between_wins,avg_win_payout,expected_value
1,26,6,17250.0,4.33333333333,2875.0,639.461538462
2,26,3,10156.0,8.66666666667,3385.33333333,366.615384615
3,25,1,4859.0,25.0,4859.0,170.36
4,27,2,9057.0,13.5,4528.5,311.444444444
5,22,5,17597.0,4.4,3519.4,775.863636364
6,25,3,6261.0,8.33333333333,2087.0,226.44
7,24,3,8310.0,8.0,2770.0,322.25
8,27,4,11963.0,6.75,2990.75,419.074074074
